first,last,email,college,per,grade
yash,patel,yash@gmail.com,changa,90,aa
manav,shah,manav@gmail.com,svit,80,bb
poojan,patel,poojan@gmail.com,changa,70,cc
arpit,shah,arpit@gmail.com,iti,20,aa
juzer,doshi,juzer@gmail.com,svit,46,aa
ishan,doshi,ishan@gmail.com,nirma,82,bb
shubham,patel,shubham@gmail.com,svit,67,dd
parth,patel,parth@gmail.com,changa,94,aa
naughty,patel,kush@gmail.com,svit,58,cc
kush,patel,abhishek@gmail.com,changa,91,aa
